index,name,isin,url
16,7IM Moderately Adventurous C Acc,GB0033956516,https://investorhub.financialexpress.net/Pdf/fdd/en-gb/fdd/QI91/U/?specialunittype=ORDN&priipproductcode=
36,abrdn American Equity Tracker B Acc,GB00BGMK1170,https://investorhub.financialexpress.net/Pdf/fdd/en-gb/fdd/PZCR/U/?specialunittype=ORDN&priipproductcode=
56,abrdn European Real Estate Share I Acc,GB00BWK26907,https://investorhub.financialexpress.net/Pdf/fdd/en-gb/fdd/MHAA/U/?specialunittype=ORDN&priipproductcode=
76,abrdn High Yield Bond Institutional Inc GBP,GB0000939818,https://investorhub.financialexpress.net/Pdf/fdd/en-gb/fdd/ST23/U/?specialunittype=ORDN&priipproductcode=
96,abrdn MyFolio Multi Manager III Inst Acc GBP,GB00B54Z1X52,https://investorhub.financialexpress.net/Pdf/fdd/en-gb/fdd/KRI5/U/?specialunittype=ORDN&priipproductcode=
116,abrdn SICAV I - Euro High Yield Bond X MInc GBP,LU0837981900,https://investorhub.financialexpress.net/Pdf/fdd/en-gb/fdd/GWSU/O/?specialunittype=ORDN&priipproductcode=
136,abrdn Strategic Bond I Inc,GB00BWK28051,https://investorhub.financialexpress.net/Pdf/fdd/en-gb/fdd/MOZH/U/?specialunittype=ORDN&priipproductcode=
156,Aegon Diversified Growth B AccGBP,GB00B625LX43,https://investorhub.financialexpress.net/Pdf/fdd/en-gb/fdd/JZM1/U/?specialunittype=ORDN&priipproductcode=
176,Aegon Investment Grade Bond S Inc GBP,GB00BF0W2N78,https://investorhub.financialexpress.net/Pdf/fdd/en-gb/fdd/OBDW/U/?specialunittype=ORDN&priipproductcode=
196,Allianz RiskMaster Conservative Multi Asset Y Acc,GB00BYMVB724,https://investorhub.financialexpress.net/Pdf/fdd/en-gb/fdd/C3XF/U/?specialunittype=ORDN&priipproductcode=
216,ARC TIME UK Infrastructure Income II C Acc,GB00BP5GQC18,https://investorhub.financialexpress.net/Pdf/fdd/en-gb/fdd/W7X7/U/?specialunittype=ORDN&priipproductcode=
236,Artemis SmartGARP Global Emerging Markets Equity I Acc GBP,GB00BW9HL132,https://investorhub.financialexpress.net/Pdf/fdd/en-gb/fdd/M8MB/U/?specialunittype=ORDN&priipproductcode=
256,Artemis US Select I Acc GBP,,https://investorhub.financialexpress.net/Pdf/fdd/en-gb/fdd/KRMC/U/?specialunittype=ORDN&priipproductcode=
276,Aviva Inv Continental European Equity 2,GB0004461322,https://investorhub.financialexpress.net/Pdf/fdd/en-gb/fdd/NA59/U/?specialunittype=ORDN&priipproductcode=
296,Aviva Inv Sterling Corporate Bond 2 Acc GBP,GB00B7RBPT80,https://investorhub.financialexpress.net/Pdf/fdd/en-gb/fdd/GVUY/U/?specialunittype=ORDN&priipproductcode=
316,AXA Framlington American Growth Z Inc,GB00B4152K59,https://investorhub.financialexpress.net/Pdf/fdd/en-gb/fdd/03TG/U/?specialunittype=ORDN&priipproductcode=
336,AXA Global Distribution Z Inc,GB0008308982,https://investorhub.financialexpress.net/Pdf/fdd/en-gb/fdd/AF42/U/?specialunittype=ORDN&priipproductcode=
356,AXA US Short Duration High Yield Bond Z Gr Acc,GB00B59VLT43,https://investorhub.financialexpress.net/Pdf/fdd/en-gb/fdd/IZN9/U/?specialunittype=ORDN&priipproductcode=
376,Baillie Gifford Global Alpha Growth B Inc,GB00B3PPZ729,https://investorhub.financialexpress.net/Pdf/fdd/en-gb/fdd/IHY2/U/?specialunittype=ORDN&priipproductcode=
396,Baillie Gifford Long Term Global Growth Investment B Inc,,https://investorhub.financialexpress.net/Pdf/fdd/en-gb/fdd/NHTA/U/?specialunittype=ORDN&priipproductcode=
416,Baillie Gifford Sustainable Growth J Inc,GB00BK6KVQ68,https://investorhub.financialexpress.net/Pdf/fdd/en-gb/fdd/QY9V/U/?specialunittype=ORDN&priipproductcode=
436,Barclays Multi-Asset Cautious R Inc,GB00BD93ZB62,https://investorhub.financialexpress.net/Pdf/fdd/en-gb/fdd/O9CS/U/?specialunittype=ORDN&priipproductcode=
456,Barings Emerging Market Debt Blended Total Return C Acc GBP,IE00BSL73W81,https://investorhub.financialexpress.net/Pdf/fdd/en-gb/fdd/NI9X/O/?specialunittype=CHDG&priipproductcode=
476,Barrow Hanley Conscious Global Value Equity I Acc GBP,IE000CS46HE8,https://investorhub.financialexpress.net/Pdf/fdd/en-gb/fdd/ATZC7/O/?specialunittype=ORDN&priipproductcode=
496,BlackRock Continental European Income D Inc,GB00B3Y7MQ71,https://investorhub.financialexpress.net/Pdf/fdd/en-gb/fdd/NOU3/U/?specialunittype=ORDN&priipproductcode=
516,BlackRock GF European Value D2 GBP,LU0827879338,https://investorhub.financialexpress.net/Pdf/fdd/en-gb/fdd/F33B/O/?specialunittype=ORDN&priipproductcode=
536,BlackRock Market Advantage D Acc,GB00BS7K6668,https://investorhub.financialexpress.net/Pdf/fdd/en-gb/fdd/M2CV/U/?specialunittype=ORDN&priipproductcode=
556,BlackRock UK Income D Inc,GB00B67DWR44,https://investorhub.financialexpress.net/Pdf/fdd/en-gb/fdd/I8V1/U/?specialunittype=ORDN&priipproductcode=
576,BLENHEIM UK Equity R Acc,GB00BNDQ9534,https://investorhub.financialexpress.net/Pdf/fdd/en-gb/fdd/DZ2O/U/?specialunittype=ORDN&priipproductcode=
596,BNY Mellon FutureLegacy 4 Institutional W Dis GBP,GB00BQH88K40,https://investorhub.financialexpress.net/Pdf/fdd/en-gb/fdd/BZUS/U/?specialunittype=ORDN&priipproductcode=
616,BNY Mellon Global Equity Inst W Inc GBP,GB00B53Q5S23,https://investorhub.financialexpress.net/Pdf/fdd/en-gb/fdd/GP1T/U/?specialunittype=ORDN&priipproductcode=
636,BNY Mellon Long Term Global Equity Inst W Acc GBP,GB00B8K6W529,https://investorhub.financialexpress.net/Pdf/fdd/en-gb/fdd/GP1I/U/?specialunittype=ORDN&priipproductcode=
656,BNY Mellon Responsible Horizons UK Corporate Bond Inst W Acc GBP,GB00B8KDLX41,https://investorhub.financialexpress.net/Pdf/fdd/en-gb/fdd/GP1W/U/?specialunittype=ORDN&priipproductcode=
676,Brown Advisory US Sustainable Growth B Dis GBP,IE00BF1T6X55,https://investorhub.financialexpress.net/Pdf/fdd/en-gb/fdd/O35A/O/?specialunittype=ORDN&priipproductcode=
696,Capital Group Investment Company of America (LUX) Zdh-GBP,LU1378999145,https://investorhub.financialexpress.net/Pdf/fdd/en-gb/fdd/E9KY/O/?specialunittype=CHDG&priipproductcode=
716,Carmignac Portfolio Global Bond FW GBP Acc Hdg,LU0553413385,https://investorhub.financialexpress.net/Pdf/fdd/en-gb/fdd/M0I6/O/?specialunittype=CHDG&priipproductcode=
736,Comgest Growth America U Acc GBP,IE00BGPZCP00,https://investorhub.financialexpress.net/Pdf/fdd/en-gb/fdd/QDK3/O/?specialunittype=ORDN&priipproductcode=
756,CT (Lux) UK Equities ZG GBP,LU0815284467,https://investorhub.financialexpress.net/Pdf/fdd/en-gb/fdd/13C7/DC/?specialunittype=ORDN&priipproductcode=
776,CT European ZNI GBP,GB00B6Y3RC79,https://investorhub.financialexpress.net/Pdf/fdd/en-gb/fdd/J6GX/U/?specialunittype=ORDN&priipproductcode=
796,CT Managed Bond Focused Inst Acc GBP,GB00BMGRVN80,https://investorhub.financialexpress.net/Pdf/fdd/en-gb/fdd/TJHW/U/?specialunittype=ORDN&priipproductcode=
816,CT Multi-Manager Universal Adventurous B Inc,GB00B4YRDJ41,https://investorhub.financialexpress.net/Pdf/fdd/en-gb/fdd/FMI3/U/?specialunittype=ORDN&priipproductcode=
836,CT Responsible UK Equity 2 Inc,GB00B8BKZY38,https://investorhub.financialexpress.net/Pdf/fdd/en-gb/fdd/GRGX/U/?specialunittype=ORDN&priipproductcode=
856,CT UK Commercial Property Feeder 2 Acc GBP,GB00BWZMHM55,https://investorhub.financialexpress.net/Pdf/fdd/en-gb/fdd/MQEZ/U/?specialunittype=ORDN&priipproductcode=
876,CT Universal MAP Defensive C Acc,,https://investorhub.financialexpress.net/Pdf/fdd/en-gb/fdd/QLEI/U/?specialunittype=ORDN&priipproductcode=
896,EdenTree Sustainable European Equity B Dis GBP,GB0008448333,https://investorhub.financialexpress.net/Pdf/fdd/en-gb/fdd/FR37/U/?specialunittype=ORDN&priipproductcode=
916,Evelyn Conservative Portfolio Clean Acc GBP,IE00BFY1MG36,https://investorhub.financialexpress.net/Pdf/fdd/en-gb/fdd/QGPX/DC/?specialunittype=ORDN&priipproductcode=
936,Federated Hermes Global Equity ESG Pathway F Acc GBP,IE00BKRCPS19,https://investorhub.financialexpress.net/Pdf/fdd/en-gb/fdd/KF2X/O/?specialunittype=ORDN&priipproductcode=
956,Fidelity Asian Dividend W Inc,,https://investorhub.financialexpress.net/Pdf/fdd/en-gb/fdd/JE9N/U/?specialunittype=ORDN&priipproductcode=
976,Fidelity European W Inc,GB00B7VNK956,https://investorhub.financialexpress.net/Pdf/fdd/en-gb/fdd/GMTV/U/?specialunittype=ORDN&priipproductcode=
996,Fidelity Global High Income Bond W Acc,GB00BFRT3611,https://investorhub.financialexpress.net/Pdf/fdd/en-gb/fdd/JTXY/U/?specialunittype=ORDN&priipproductcode=
1016,Fidelity Index US P Hedged Acc,GB00BHQSS241,https://investorhub.financialexpress.net/Pdf/fdd/en-gb/fdd/PYK8/U/?specialunittype=CHDG&priipproductcode=
1036,Fidelity Multi Asset Balanced Income W Inc,GB00BFPC0725,https://investorhub.financialexpress.net/Pdf/fdd/en-gb/fdd/JSQR/U/?specialunittype=ORDN&priipproductcode=
1056,Fidelity Strategic Bond W Acc,GB00BCRWZS59,https://investorhub.financialexpress.net/Pdf/fdd/en-gb/fdd/JP6G/U/?specialunittype=ORDN&priipproductcode=
1076,First Sentier Global Listed Infrastructure B Acc GBP,GB00B24HJL45,https://investorhub.financialexpress.net/Pdf/fdd/en-gb/fdd/A6X2/U/?specialunittype=ORDN&priipproductcode=
1096,FP Foresight Sustainable Future Themes A Acc GBP,GB00BMYRR769,https://investorhub.financialexpress.net/Pdf/fdd/en-gb/fdd/VQ4H/U/?specialunittype=ORDN&priipproductcode=
1116,FP Russell Investments Multi Asset Growth IV C Acc,GB00BYXJKS91,https://investorhub.financialexpress.net/Pdf/fdd/en-gb/fdd/MU6H/U/?specialunittype=ORDN&priipproductcode=
1136,FSSA Indian Subcontinent All-Cap E Acc GBP,GB00BDG1BQ05,https://investorhub.financialexpress.net/Pdf/fdd/en-gb/fdd/OVCU/U/?specialunittype=ORDN&priipproductcode=
1156,FTF Franklin European Unconstrained W Acc,GB00BP9LK978,https://investorhub.financialexpress.net/Pdf/fdd/en-gb/fdd/CLEH/U/?specialunittype=ORDN&priipproductcode=
1176,FTGF Royce US Small Cap Opportunity X GBP,IE00B23Z8V29,https://investorhub.financialexpress.net/Pdf/fdd/en-gb/fdd/I8BJ/O/?specialunittype=ORDN&priipproductcode=
1196,GAM Star Global Cautious Inst Hdg Acc GBP,IE00B7XD3T46,https://investorhub.financialexpress.net/Pdf/fdd/en-gb/fdd/GW8Y/O/?specialunittype=CHDG&priipproductcode=
1216,GS Global Equity Partners ESG Portfolio R GBP,LU0860993731,https://investorhub.financialexpress.net/Pdf/fdd/en-gb/fdd/F4NS/O/?specialunittype=ORDN&priipproductcode=
1236,GS Japan Equity Portfolio R Hedged (Snap) GBP,LU1474193411,https://investorhub.financialexpress.net/Pdf/fdd/en-gb/fdd/C0IH/O/?specialunittype=CHDG&priipproductcode=
1256,Guinness Sustainable Energy Y Acc GBP,IE00BFYV9L73,https://investorhub.financialexpress.net/Pdf/fdd/en-gb/fdd/OQFD/O/?specialunittype=ORDN&priipproductcode=
1276,HSBC FTSE All Share Index C Inc,GB00B80QFW04,https://investorhub.financialexpress.net/Pdf/fdd/en-gb/fdd/G18V/U/?specialunittype=ORDN&priipproductcode=
1296,HSBC Global Strategy Dynamic Portfolio C Inc,GB00B7NM4986,https://investorhub.financialexpress.net/Pdf/fdd/en-gb/fdd/G1HG/U/?specialunittype=ORDN&priipproductcode=
1316,HSBC World Selection - Dividend Distribution Portfolio C Inc,GB00B84BZW11,https://investorhub.financialexpress.net/Pdf/fdd/en-gb/fdd/G1GW/U/?specialunittype=ORDN&priipproductcode=
1336,IFSL Ascot Lloyd 6 A Acc,GB00BJXFR929,https://investorhub.financialexpress.net/Pdf/fdd/en-gb/fdd/Q6LF/U/?specialunittype=ORDN&priipproductcode=
1356,IFSL Church House Tenax Multi-Asset Strategy C Acc,GB00BNBNRF27,https://investorhub.financialexpress.net/Pdf/fdd/en-gb/fdd/KKTB/U/?specialunittype=ORDN&priipproductcode=
1376,IFSL Marlborough Global Bond P Inc,GB00B8H7D001,https://investorhub.financialexpress.net/Pdf/fdd/en-gb/fdd/I3OW/U/?specialunittype=ORDN&priipproductcode=
1396,IFSL Wise Multi-Asset Growth B Acc,GB0034272533,https://investorhub.financialexpress.net/Pdf/fdd/en-gb/fdd/OM90/U/?specialunittype=ORDN&priipproductcode=
1416,Invesco Emerging Markets ex China (UK) Z Acc,GB00B8N44B34,https://investorhub.financialexpress.net/Pdf/fdd/en-gb/fdd/GUUU/U/?specialunittype=ORDN&priipproductcode=
1436,Invesco Global Ex UK Enhanced Index (UK) Z Inc,GB00BZ8GWV96,https://investorhub.financialexpress.net/Pdf/fdd/en-gb/fdd/N7CS/U/?specialunittype=ORDN&priipproductcode=
1456,Invesco Pacific (UK) Z Acc,GB00B8N44X53,https://investorhub.financialexpress.net/Pdf/fdd/en-gb/fdd/GUVM/U/?specialunittype=ORDN&priipproductcode=
1476,Invesco US Equity (UK) Z Acc,GB00B8N44D57,https://investorhub.financialexpress.net/Pdf/fdd/en-gb/fdd/GUUW/U/?specialunittype=ORDN&priipproductcode=
1496,iShares Japan Equity Index (UK) D Acc,GB00B6QQ9X96,https://investorhub.financialexpress.net/Pdf/fdd/en-gb/fdd/G6IB/U/?specialunittype=ORDN&priipproductcode=
1516,Janus Henderson Absolute Return I Acc,GB00B5KKCX12,https://investorhub.financialexpress.net/Pdf/fdd/en-gb/fdd/F9A5/U/?specialunittype=ORDN&priipproductcode=
1536,Janus Henderson Fixed Interest Monthly Income I Acc,GB00BXVMC989,https://investorhub.financialexpress.net/Pdf/fdd/en-gb/fdd/MFFB/U/?specialunittype=ORDN&priipproductcode=
1556,Janus Henderson Inst North American Index Opportunities I Acc,GB00B00K2Z88,https://investorhub.financialexpress.net/Pdf/fdd/en-gb/fdd/H028/U/?specialunittype=ORDN&priipproductcode=
1576,Janus Henderson UK Alpha I Acc,GB0030956832,https://investorhub.financialexpress.net/Pdf/fdd/en-gb/fdd/NB58/U/?specialunittype=ORDN&priipproductcode=
1596,JOHCM Global Select I Inc GBP,IE00B3DBRN27,https://investorhub.financialexpress.net/Pdf/fdd/en-gb/fdd/DHQ4/O/?specialunittype=ORDN&priipproductcode=
1616,JPM Emerging Markets Equity C Dis NAV GBP,LU0822042619,https://investorhub.financialexpress.net/Pdf/fdd/en-gb/fdd/F2VV/DC/?specialunittype=ORDN&priipproductcode=
1636,JPM Europe Smaller Companies C Inc,GB00B83T7Q40,https://investorhub.financialexpress.net/Pdf/fdd/en-gb/fdd/GPUT/U/?specialunittype=ORDN&priipproductcode=
1656,JPM Global Unconstrained Equity C Acc,GB00B235QT61,https://investorhub.financialexpress.net/Pdf/fdd/en-gb/fdd/0YDG/U/?specialunittype=ORDN&priipproductcode=
1676,JPM Multi-Manager Alternatives Fund C Hedged,LU2309826431,https://investorhub.financialexpress.net/Pdf/fdd/en-gb/fdd/VZPX/DC/?specialunittype=CHDG&priipproductcode=
1696,JPM UK Equity Plus C perf Acc,GB00BW4Q9778,https://investorhub.financialexpress.net/Pdf/fdd/en-gb/fdd/MFIC/U/?specialunittype=ORDN&priipproductcode=
1716,Jupiter Ecology I Inc,GB00B7W6PR65,https://investorhub.financialexpress.net/Pdf/fdd/en-gb/fdd/GM00/U/?specialunittype=ORDN&priipproductcode=
1736,Jupiter India I Acc,GB00B4TZHH95,https://investorhub.financialexpress.net/Pdf/fdd/en-gb/fdd/09QF/U/?specialunittype=ORDN&priipproductcode=
1756,Jupiter Merlin Growth Portfolio I Inc,GB00B8K5LH40,https://investorhub.financialexpress.net/Pdf/fdd/en-gb/fdd/GM0C/U/?specialunittype=ORDN&priipproductcode=
1776,Jupiter UK Alpha (IRL) I Acc GBP,IE00BFWH6830,https://investorhub.financialexpress.net/Pdf/fdd/en-gb/fdd/JZQG/DC/?specialunittype=ORDN&priipproductcode=
1796,L&G Active Short Dated Sterling Corporate Bond I Acc,GB00B89QL129,https://investorhub.financialexpress.net/Pdf/fdd/en-gb/fdd/GTPS/U/?specialunittype=ORDN&priipproductcode=
1816,L&G Emerging Markets Government Bond Local Currency Index I Inc,GB00B8FT1G07,https://investorhub.financialexpress.net/Pdf/fdd/en-gb/fdd/GWOR/U/?specialunittype=ORDN&priipproductcode=
1836,L&G Future World Global Opportunities I Inc GBP,GB00BFZ60305,https://investorhub.financialexpress.net/Pdf/fdd/en-gb/fdd/P9S7/U/?specialunittype=ORDN&priipproductcode=
1856,L&G Global Equity Index I Acc,GB00B83LW328,https://investorhub.financialexpress.net/Pdf/fdd/en-gb/fdd/G5WM/U/?specialunittype=ORDN&priipproductcode=
1876,L&G Mixed Investment 40-85% I Inc,GB00BMHTPV93,https://investorhub.financialexpress.net/Pdf/fdd/en-gb/fdd/KHOS/U/?specialunittype=ORDN&priipproductcode=
1896,L&G Multi-Index 5 I Inc,,https://investorhub.financialexpress.net/Pdf/fdd/en-gb/fdd/J84W/U/?specialunittype=ORDN&priipproductcode=
1916,L&G Sterling Corporate Bond Index I Inc,GB00B72V3J91,https://investorhub.financialexpress.net/Pdf/fdd/en-gb/fdd/G5JW/U/?specialunittype=ORDN&priipproductcode=
1936,Latitude Global Acc GBP,IE00BMT7RH14,https://investorhub.financialexpress.net/Pdf/fdd/en-gb/fdd/R4NM/O/?specialunittype=ORDN&priipproductcode=
1956,Lazard Multicap UK Income A Acc,GB0008470360,https://investorhub.financialexpress.net/Pdf/fdd/en-gb/fdd/LZ80/U/?specialunittype=ORDN&priipproductcode=
1976,Liontrust Global Alpha C Acc,GB0031190555,https://investorhub.financialexpress.net/Pdf/fdd/en-gb/fdd/OP34/U/?specialunittype=ORDN&priipproductcode=
1996,Liontrust MA Blended Moderate A Inc,GB00B8MGPL79,https://investorhub.financialexpress.net/Pdf/fdd/en-gb/fdd/GSNU/U/?specialunittype=ORDN&priipproductcode=
2016,Liontrust MA Dynamic Passive Moderate D Inc,GB00BWWCYY97,https://investorhub.financialexpress.net/Pdf/fdd/en-gb/fdd/MAAJ/U/?specialunittype=ORDN&priipproductcode=
2036,Liontrust MA Explorer 70 S Inc,GB00BCZW6D94,https://investorhub.financialexpress.net/Pdf/fdd/en-gb/fdd/JMMO/U/?specialunittype=ORDN&priipproductcode=
2056,Liontrust Special Situations I Acc,GB00BG0J2688,https://investorhub.financialexpress.net/Pdf/fdd/en-gb/fdd/P2V5/U/?specialunittype=ORDN&priipproductcode=
2076,Liontrust UK Equity X Acc GBP,GB00B88NK732,https://investorhub.financialexpress.net/Pdf/fdd/en-gb/fdd/GRHC/U/?specialunittype=ORDN&priipproductcode=
2096,M&G Corporate Bond I Acc GBP,GB00B1YBRL59,https://investorhub.financialexpress.net/Pdf/fdd/en-gb/fdd/ABF5/U/?specialunittype=ORDN&priipproductcode=
2116,M&G Global Dividend I Acc GBP,,https://investorhub.financialexpress.net/Pdf/fdd/en-gb/fdd/CCE0/U/?specialunittype=ORDN&priipproductcode=
2136,M&G Global Macro Bond IH Acc GBP,GB00BVYJ0Y38,https://investorhub.financialexpress.net/Pdf/fdd/en-gb/fdd/M61Y/U/?specialunittype=CHDG&priipproductcode=
2156,M&G M&G ESG Screened Global High Yield Bond I-H Acc GBP,GB00BJRCD571,https://investorhub.financialexpress.net/Pdf/fdd/en-gb/fdd/QUWR/U/?specialunittype=CHDG&priipproductcode=
2176,M&G Strategic Corporate Bond I Acc GBP,GB00B7J4YT87,https://investorhub.financialexpress.net/Pdf/fdd/en-gb/fdd/0ZFW/U/?specialunittype=ORDN&priipproductcode=
2196,Man Japan Core Alpha D Professional Inc,GB00B3F47512,https://investorhub.financialexpress.net/Pdf/fdd/en-gb/fdd/DWE7/U/?specialunittype=ORDN&priipproductcode=
2216,Matthews Pacific Tiger I Acc GBP,LU0594555756,https://investorhub.financialexpress.net/Pdf/fdd/en-gb/fdd/N6K8/O/?specialunittype=ORDN&priipproductcode=
2236,MGTS Future Money Dynamic Growth R Acc,,https://investorhub.financialexpress.net/Pdf/fdd/en-gb/fdd/I29X/U/?specialunittype=ORDN&priipproductcode=
2256,MGTS Progeny Income ProFolio 50-70% Shares Dis GBP,GB00BQKNL308,https://investorhub.financialexpress.net/Pdf/fdd/en-gb/fdd/BSKXW/U/?specialunittype=ORDN&priipproductcode=
2276,MGTS Sentinel Universal B Inc,GB00B5M7L992,https://investorhub.financialexpress.net/Pdf/fdd/en-gb/fdd/11WN/U/?specialunittype=ORDN&priipproductcode=
2296,MI Brewin Dolphin Voyager Passive Max 100% Equity B Acc,GB00BVN3B763,https://investorhub.financialexpress.net/Pdf/fdd/en-gb/fdd/BXJVI/U/?specialunittype=ORDN&priipproductcode=
2316,MI Chelverton European Select B Acc,GB00BFNL2P39,https://investorhub.financialexpress.net/Pdf/fdd/en-gb/fdd/O9UM/U/?specialunittype=ORDN&priipproductcode=
2336,MI Polen Capital Emerging Markets Growth A Acc GBP,GB00B4Q07115,https://investorhub.financialexpress.net/Pdf/fdd/en-gb/fdd/INE9/U/?specialunittype=ORDN&priipproductcode=
2356,MI Verbatim Multi-Index Portfolio 3 A Acc,,https://investorhub.financialexpress.net/Pdf/fdd/en-gb/fdd/LEX9/U/?specialunittype=ORDN&priipproductcode=
2376,Montanaro European Income Acc GBP,,https://investorhub.financialexpress.net/Pdf/fdd/en-gb/fdd/P9QS/O/?specialunittype=ORDN&priipproductcode=
2396,MS INVF Emerging Markets Debt Opportunities ZH Hedged Cap GBP,,https://investorhub.financialexpress.net/Pdf/fdd/en-gb/fdd/AY2B5/DC/?specialunittype=ORDN&priipproductcode=
2416,New Capital Asia Future Leaders GBP,,https://investorhub.financialexpress.net/Pdf/fdd/en-gb/fdd/QDHD/O/?specialunittype=ORDN&priipproductcode=
2436,Ninety One Global Income Opportunities I 2 Inc GBP,,https://investorhub.financialexpress.net/Pdf/fdd/en-gb/fdd/KSPU/U/?specialunittype=ORDN&priipproductcode=
2456,Nomura Global Dynamic Bond I Hedged GBP,IE00BTL1GV74,https://investorhub.financialexpress.net/Pdf/fdd/en-gb/fdd/M0MV/O/?specialunittype=CHDG&priipproductcode=
2476,Pacific G10 Macro Rates Inst GBP,,https://investorhub.financialexpress.net/Pdf/fdd/en-gb/fdd/THGC/O/?specialunittype=ORDN&priipproductcode=
2496,Pictet Global Thematic Opportunities I GBP,LU1437676809,https://investorhub.financialexpress.net/Pdf/fdd/en-gb/fdd/C0XI/O/?specialunittype=ORDN&priipproductcode=
2516,PIMCO GIS Global Bond Inst Hedged Acc GBP,,https://investorhub.financialexpress.net/Pdf/fdd/en-gb/fdd/P691/O/?specialunittype=CHDG&priipproductcode=
2536,Polar Capital Biotechnology I GBP,,https://investorhub.financialexpress.net/Pdf/fdd/en-gb/fdd/JTYF/O/?specialunittype=ORDN&priipproductcode=
2556,Polar Capital UK Value Opportunities I Inc GBP,,https://investorhub.financialexpress.net/Pdf/fdd/en-gb/fdd/NL4Z/O/?specialunittype=ORDN&priipproductcode=
2576,Premier Miton Diversified Responsible Growth D Acc GBP,,https://investorhub.financialexpress.net/Pdf/fdd/en-gb/fdd/O6L4/U/?specialunittype=ORDN&priipproductcode=
2596,Premier Miton Monthly Income C Inc GBP,,https://investorhub.financialexpress.net/Pdf/fdd/en-gb/fdd/BY64/U/?specialunittype=ORDN&priipproductcode=
2616,Premier Miton Tellworth UK Smaller Companies F Acc GBP,,https://investorhub.financialexpress.net/Pdf/fdd/en-gb/fdd/PGWZ/U/?specialunittype=ORDN&priipproductcode=
2636,Quilter Investors Cirilium Balanced Passive Portfolio R Acc GBP,,https://investorhub.financialexpress.net/Pdf/fdd/en-gb/fdd/I71B/U/?specialunittype=ORDN&priipproductcode=
2656,Quilter Investors Monthly Income Portfolio U1 Acc GBP,,https://investorhub.financialexpress.net/Pdf/fdd/en-gb/fdd/Q9S5/U/?specialunittype=ORDN&priipproductcode=
2676,Rathbone Greenbank Total Return Portfolio S Inc,,https://investorhub.financialexpress.net/Pdf/fdd/en-gb/fdd/T0C7/U/?specialunittype=ORDN&priipproductcode=
2696,Redwheel Global Intrinsic Value R GBP,,https://investorhub.financialexpress.net/Pdf/fdd/en-gb/fdd/M84Y/O/?specialunittype=ORDN&priipproductcode=
2716,Robeco Global Credits IBH GBP,,https://investorhub.financialexpress.net/Pdf/fdd/en-gb/fdd/NNIF/O/?specialunittype=CHDG&priipproductcode=
2736,Royal London European Growth M Acc,,https://investorhub.financialexpress.net/Pdf/fdd/en-gb/fdd/ISS9/U/?specialunittype=ORDN&priipproductcode=
2756,Royal London GMAP Growth M Acc,,https://investorhub.financialexpress.net/Pdf/fdd/en-gb/fdd/MZTO/U/?specialunittype=ORDN&priipproductcode=
2776,Royal London Short Term Money Market Y Inc,,https://investorhub.financialexpress.net/Pdf/fdd/en-gb/fdd/RD05/U/?specialunittype=ORDN&priipproductcode=
2796,Royal London UK Core Equity Tilt Z Acc,,https://investorhub.financialexpress.net/Pdf/fdd/en-gb/fdd/AJM7/U/?specialunittype=ORDN&priipproductcode=
2816,Sanlam Ninety One Real Assets A GBP Dis,,https://investorhub.financialexpress.net/Pdf/fdd/en-gb/fdd/PK4K/O/?specialunittype=ORDN&priipproductcode=
2836,Sarasin IE Thematic Global Real Estate Equity P Acc,IE00B8G43R93,https://investorhub.financialexpress.net/Pdf/fdd/en-gb/fdd/GTPE/O/?specialunittype=ORDN&priipproductcode=
2856,Schroder Asian Discovery Z Acc,,https://investorhub.financialexpress.net/Pdf/fdd/en-gb/fdd/0WO2/U/?specialunittype=ORDN&priipproductcode=
2876,Schroder European Smaller Companies Z Inc,,https://investorhub.financialexpress.net/Pdf/fdd/en-gb/fdd/0HCW/U/?specialunittype=ORDN&priipproductcode=
2896,Schroder Global Recovery Z Inc,,https://investorhub.financialexpress.net/Pdf/fdd/en-gb/fdd/MUXU/U/?specialunittype=ORDN&priipproductcode=
2916,Schroder ISF Securitised Credit C Hedged Acc NAV GBP,,https://investorhub.financialexpress.net/Pdf/fdd/en-gb/fdd/O3UB/DC/?specialunittype=CHDG&priipproductcode=
2936,Schroder Strategic Bond Z Acc,,https://investorhub.financialexpress.net/Pdf/fdd/en-gb/fdd/0Z9M/U/?specialunittype=ORDN&priipproductcode=
2956,Schroder UK Mid 250 Z Inc,,https://investorhub.financialexpress.net/Pdf/fdd/en-gb/fdd/0HD4/U/?specialunittype=ORDN&priipproductcode=
2976,Scottish Widows Horizon Multi-Asset 3 Z Acc,,https://investorhub.financialexpress.net/Pdf/fdd/en-gb/fdd/M47T/U/?specialunittype=ORDN&priipproductcode=
2996,Stewart Investors Worldwide All Cap B Acc GBP,GB00B7W30613,https://investorhub.financialexpress.net/Pdf/fdd/en-gb/fdd/GQ7S/U/?specialunittype=ORDN&priipproductcode=
3016,SVS Brown Shipley Dynamic I Inc,,https://investorhub.financialexpress.net/Pdf/fdd/en-gb/fdd/HUD2/U/?specialunittype=ORDN&priipproductcode=
3036,SVS Cornelian Managed Growth RMP G Inc,,https://investorhub.financialexpress.net/Pdf/fdd/en-gb/fdd/NGCL/U/?specialunittype=ORDN&priipproductcode=
3056,T. Rowe Price Global Focused Growth Equity C Acc,,https://investorhub.financialexpress.net/Pdf/fdd/en-gb/fdd/C3QB/U/?specialunittype=ORDN&priipproductcode=
3076,T. Rowe Price US Large Cap Value Equity Q GBP,,https://investorhub.financialexpress.net/Pdf/fdd/en-gb/fdd/K6ZP/O/?specialunittype=ORDN&priipproductcode=
3096,The MI Hawksmoor Distribution C Inc,,https://investorhub.financialexpress.net/Pdf/fdd/en-gb/fdd/K29C/U/?specialunittype=ORDN&priipproductcode=
3116,TM Castlefield Thoughtful Growth Portfolio G Income,,https://investorhub.financialexpress.net/Pdf/fdd/en-gb/fdd/ONCD/U/?specialunittype=ORDN&priipproductcode=
3136,TM Natixis Harris Associates Global Concentrated Equity N/A GBP,,https://investorhub.financialexpress.net/Pdf/fdd/en-gb/fdd/KMPZ/U/?specialunittype=ORDN&priipproductcode=
3156,TM Timeline 100% Equity A GBP Inc,,https://investorhub.financialexpress.net/Pdf/fdd/en-gb/fdd/BUQUV/U/?specialunittype=ORDN&priipproductcode=
3176,TM UBS (UK) Global Growth C Inc,,https://investorhub.financialexpress.net/Pdf/fdd/en-gb/fdd/NHF1/U/?specialunittype=ORDN&priipproductcode=
3196,TrinityBridge Balanced Tactical Passive X Acc,,https://investorhub.financialexpress.net/Pdf/fdd/en-gb/fdd/GOXO/U/?specialunittype=ORDN&priipproductcode=
3216,Trojan Ethical Income O Acc,,https://investorhub.financialexpress.net/Pdf/fdd/en-gb/fdd/MSYD/U/?specialunittype=ORDN&priipproductcode=
3236,TwentyFour Monument Bond I Net Inc GBP,GB00B3XVTT21,https://investorhub.financialexpress.net/Pdf/fdd/en-gb/fdd/FZO8/U/?specialunittype=ORDN&priipproductcode=
3256,UBS US Growth C Acc,,https://investorhub.financialexpress.net/Pdf/fdd/en-gb/fdd/G5QY/U/?specialunittype=ORDN&priipproductcode=
3276,Vanguard ESG Developed World All Cap Equity Index Inc GBP,,https://investorhub.financialexpress.net/Pdf/fdd/en-gb/fdd/0GDU/O/?specialunittype=ORDN&priipproductcode=
3296,Vanguard Global Credit Bond Inv Hedged Acc GBP,,https://investorhub.financialexpress.net/Pdf/fdd/en-gb/fdd/N7BZ/O/?specialunittype=CHDG&priipproductcode=
3316,Vanguard LifeStrategy 20% Equity A Gross Inc GBP,,https://investorhub.financialexpress.net/Pdf/fdd/en-gb/fdd/ACDN/U/?specialunittype=ORDN&priipproductcode=
3336,Vanguard Target Retirement 2015 A Acc GBP,,https://investorhub.financialexpress.net/Pdf/fdd/en-gb/fdd/MV5I/U/?specialunittype=ORDN&priipproductcode=
3356,Vanguard US Equity Index A Acc GBP,,https://investorhub.financialexpress.net/Pdf/fdd/en-gb/fdd/FPD3/U/?specialunittype=ORDN&priipproductcode=
3376,VT Aggressive Portfolio Overlay C,,https://investorhub.financialexpress.net/Pdf/fdd/en-gb/fdd/MV0U/U/?specialunittype=ORDN&priipproductcode=
3396,VT EPIC Multi Asset Growth I Inc GBP,,https://investorhub.financialexpress.net/Pdf/fdd/en-gb/fdd/JV5W/U/?specialunittype=ORDN&priipproductcode=
3416,VT PortfolioMetrix Blended Balanced Portfolio A Acc GBP,,https://investorhub.financialexpress.net/Pdf/fdd/en-gb/fdd/LAXK/U/?specialunittype=ORDN&priipproductcode=
3436,VT Shackleton Growth Acc,,https://investorhub.financialexpress.net/Pdf/fdd/en-gb/fdd/OM5E/U/?specialunittype=ORDN&priipproductcode=
3456,VT Tyndall North American F Acc GBP,,https://investorhub.financialexpress.net/Pdf/fdd/en-gb/fdd/NT6Q/U/?specialunittype=ORDN&priipproductcode=
3476,WS Aegon Multi-Manager Income 35-65% Equity A Inc,,https://investorhub.financialexpress.net/Pdf/fdd/en-gb/fdd/BWX7F/U/?specialunittype=ORDN&priipproductcode=
3496,WS Blue Whale Growth R Acc,,https://investorhub.financialexpress.net/Pdf/fdd/en-gb/fdd/O1EY/U/?specialunittype=ORDN&priipproductcode=
3516,WS Keyridge Diversified Risk Managed III C Acc GBP,GB00BZ005541,https://investorhub.financialexpress.net/Pdf/fdd/en-gb/fdd/NPGQ/U/?specialunittype=ORDN&priipproductcode=
3536,WS Keyridge UK Equity C Acc,,https://investorhub.financialexpress.net/Pdf/fdd/en-gb/fdd/JM3Q/U/?specialunittype=ORDN&priipproductcode=
3556,WS Nomura Global Infrastructure Securities B Acc,,https://investorhub.financialexpress.net/Pdf/fdd/en-gb/fdd/ABA9/U/?specialunittype=ORDN&priipproductcode=
3576,WS Prudential Risk Managed Passive 2 P Acc,,https://investorhub.financialexpress.net/Pdf/fdd/en-gb/fdd/MELS/U/?specialunittype=ORDN&priipproductcode=
3596,YFS Charteris Gold and Precious Metals I Acc,,https://investorhub.financialexpress.net/Pdf/fdd/en-gb/fdd/ICC2/U/?specialunittype=ORDN&priipproductcode=
